<?xml version="1.0" encoding="UTF-8"?><?xml-stylesheet type='text/xsl' href='_UpgradeReport_Files/UpgradeReport.xslt'?><UpgradeLog>
<Properties><Property Name="Solution" Value="ERP For Automobile Dealer">
</Property><Property Name="Solution File" Value="C:\Users\HELLOPRO\Desktop\tt\Code\Code\ERP For Automobile Dealer.sln">
</Property><Property Name="Date" Value="Friday, October 12, 2018">
</Property><Property Name="Time" Value="13:42 PM">
</Property></Properties><Event ErrorLevel="0" Project="" Source="ERP For Automobile Dealer.sln" Description="File successfully backed up as C:\Users\HELLOPRO\Desktop\tt\Code\Code\Backup\ERP For Automobile Dealer.sln">
</Event><Event ErrorLevel="0" Project="ERP For Automobile Dealer" Source="ERP For Automobile Dealer\ERP For Automobile Dealer.vbproj" Description="Project file successfully backed up as C:\Users\HELLOPRO\Desktop\tt\Code\Code\Backup\ERP For Automobile Dealer\ERP For Automobile Dealer.vbproj">
</Event><Event ErrorLevel="0" Project="ERP For Automobile Dealer" Source="ERP For Automobile Dealer\ERP For Automobile Dealer.vbproj.user" Description="Project user file successfully backed up as C:\Users\HELLOPRO\Desktop\tt\Code\Code\Backup\ERP For Automobile Dealer\ERP For Automobile Dealer.vbproj.user">
</Event><Event ErrorLevel="0" Project="ERP For Automobile Dealer" Source="ERP For Automobile Dealer\Admin.Designer.vb" Description="File successfully backed up as C:\Users\HELLOPRO\Desktop\tt\Code\Code\Backup\ERP For Automobile Dealer\Admin.Designer.vb">
</Event><Event ErrorLevel="0" Project="ERP For Automobile Dealer" Source="ERP For Automobile Dealer\Admin.vb" Description="File successfully backed up as C:\Users\HELLOPRO\Desktop\tt\Code\Code\Backup\ERP For Automobile Dealer\Admin.vb">
</Event><Event ErrorLevel="0" Project="ERP For Automobile Dealer" Source="ERP For Automobile Dealer\billCrystalReport6.vb" Description="File successfully backed up as C:\Users\HELLOPRO\Desktop\tt\Code\Code\Backup\ERP For Automobile Dealer\billCrystalReport6.vb">
</Event><Event ErrorLevel="0" Project="ERP For Automobile Dealer" Source="ERP For Automobile Dealer\Billing.Designer.vb" Description="File successfully backed up as C:\Users\HELLOPRO\Desktop\tt\Code\Code\Backup\ERP For Automobile Dealer\Billing.Designer.vb">
</Event><Event ErrorLevel="0" Project="ERP For Automobile Dealer" Source="ERP For Automobile Dealer\Billing.vb" Description="File successfully backed up as C:\Users\HELLOPRO\Desktop\tt\Code\Code\Backup\ERP For Automobile Dealer\Billing.vb">
</Event><Event ErrorLevel="0" Project="ERP For Automobile Dealer" Source="ERP For Automobile Dealer\billrep.Designer.vb" Description="File successfully backed up as C:\Users\HELLOPRO\Desktop\tt\Code\Code\Backup\ERP For Automobile Dealer\billrep.Designer.vb">
</Event><Event ErrorLevel="0" Project="ERP For Automobile Dealer" Source="ERP For Automobile Dealer\billrep.vb" Description="File successfully backed up as C:\Users\HELLOPRO\Desktop\tt\Code\Code\Backup\ERP For Automobile Dealer\billrep.vb">
</Event><Event ErrorLevel="0" Project="ERP For Automobile Dealer" Source="ERP For Automobile Dealer\CusCrystalReport5.vb" Description="File successfully backed up as C:\Users\HELLOPRO\Desktop\tt\Code\Code\Backup\ERP For Automobile Dealer\CusCrystalReport5.vb">
</Event><Event ErrorLevel="0" Project="ERP For Automobile Dealer" Source="ERP For Automobile Dealer\Cusrep.Designer.vb" Description="File successfully backed up as C:\Users\HELLOPRO\Desktop\tt\Code\Code\Backup\ERP For Automobile Dealer\Cusrep.Designer.vb">
</Event><Event ErrorLevel="0" Project="ERP For Automobile Dealer" Source="ERP For Automobile Dealer\Cusrep.vb" Description="File successfully backed up as C:\Users\HELLOPRO\Desktop\tt\Code\Code\Backup\ERP For Automobile Dealer\Cusrep.vb">
</Event><Event ErrorLevel="0" Project="ERP For Automobile Dealer" Source="ERP For Automobile Dealer\Customer.Designer.vb" Description="File successfully backed up as C:\Users\HELLOPRO\Desktop\tt\Code\Code\Backup\ERP For Automobile Dealer\Customer.Designer.vb">
</Event><Event ErrorLevel="0" Project="ERP For Automobile Dealer" Source="ERP For Automobile Dealer\Customer.vb" Description="File successfully backed up as C:\Users\HELLOPRO\Desktop\tt\Code\Code\Backup\ERP For Automobile Dealer\Customer.vb">
</Event><Event ErrorLevel="0" Project="ERP For Automobile Dealer" Source="ERP For Automobile Dealer\Home.Designer.vb" Description="File successfully backed up as C:\Users\HELLOPRO\Desktop\tt\Code\Code\Backup\ERP For Automobile Dealer\Home.Designer.vb">
</Event><Event ErrorLevel="0" Project="ERP For Automobile Dealer" Source="ERP For Automobile Dealer\Home.vb" Description="File successfully backed up as C:\Users\HELLOPRO\Desktop\tt\Code\Code\Backup\ERP For Automobile Dealer\Home.vb">
</Event><Event ErrorLevel="0" Project="ERP For Automobile Dealer" Source="ERP For Automobile Dealer\My Project\AssemblyInfo.vb" Description="File successfully backed up as C:\Users\HELLOPRO\Desktop\tt\Code\Code\Backup\ERP For Automobile Dealer\My Project\AssemblyInfo.vb">
</Event><Event ErrorLevel="0" Project="ERP For Automobile Dealer" Source="ERP For Automobile Dealer\My Project\Application.Designer.vb" Description="File successfully backed up as C:\Users\HELLOPRO\Desktop\tt\Code\Code\Backup\ERP For Automobile Dealer\My Project\Application.Designer.vb">
</Event><Event ErrorLevel="0" Project="ERP For Automobile Dealer" Source="ERP For Automobile Dealer\My Project\Resources.Designer.vb" Description="File successfully backed up as C:\Users\HELLOPRO\Desktop\tt\Code\Code\Backup\ERP For Automobile Dealer\My Project\Resources.Designer.vb">
</Event><Event ErrorLevel="0" Project="ERP For Automobile Dealer" Source="ERP For Automobile Dealer\My Project\Settings.Designer.vb" Description="File successfully backed up as C:\Users\HELLOPRO\Desktop\tt\Code\Code\Backup\ERP For Automobile Dealer\My Project\Settings.Designer.vb">
</Event><Event ErrorLevel="0" Project="ERP For Automobile Dealer" Source="ERP For Automobile Dealer\Purchase.Designer.vb" Description="File successfully backed up as C:\Users\HELLOPRO\Desktop\tt\Code\Code\Backup\ERP For Automobile Dealer\Purchase.Designer.vb">
</Event><Event ErrorLevel="0" Project="ERP For Automobile Dealer" Source="ERP For Automobile Dealer\Purchase.vb" Description="File successfully backed up as C:\Users\HELLOPRO\Desktop\tt\Code\Code\Backup\ERP For Automobile Dealer\Purchase.vb">
</Event><Event ErrorLevel="0" Project="ERP For Automobile Dealer" Source="ERP For Automobile Dealer\Purchrep.Designer.vb" Description="File successfully backed up as C:\Users\HELLOPRO\Desktop\tt\Code\Code\Backup\ERP For Automobile Dealer\Purchrep.Designer.vb">
</Event><Event ErrorLevel="0" Project="ERP For Automobile Dealer" Source="ERP For Automobile Dealer\Purchrep.vb" Description="File successfully backed up as C:\Users\HELLOPRO\Desktop\tt\Code\Code\Backup\ERP For Automobile Dealer\Purchrep.vb">
</Event><Event ErrorLevel="0" Project="ERP For Automobile Dealer" Source="ERP For Automobile Dealer\pusCrystalReport3.vb" Description="File successfully backed up as C:\Users\HELLOPRO\Desktop\tt\Code\Code\Backup\ERP For Automobile Dealer\pusCrystalReport3.vb">
</Event><Event ErrorLevel="0" Project="ERP For Automobile Dealer" Source="ERP For Automobile Dealer\Reports.Designer.vb" Description="File successfully backed up as C:\Users\HELLOPRO\Desktop\tt\Code\Code\Backup\ERP For Automobile Dealer\Reports.Designer.vb">
</Event><Event ErrorLevel="0" Project="ERP For Automobile Dealer" Source="ERP For Automobile Dealer\Reports.vb" Description="File successfully backed up as C:\Users\HELLOPRO\Desktop\tt\Code\Code\Backup\ERP For Automobile Dealer\Reports.vb">
</Event><Event ErrorLevel="0" Project="ERP For Automobile Dealer" Source="ERP For Automobile Dealer\serbilCrystalReport8.vb" Description="File successfully backed up as C:\Users\HELLOPRO\Desktop\tt\Code\Code\Backup\ERP For Automobile Dealer\serbilCrystalReport8.vb">
</Event><Event ErrorLevel="0" Project="ERP For Automobile Dealer" Source="ERP For Automobile Dealer\serbilrep.Designer.vb" Description="File successfully backed up as C:\Users\HELLOPRO\Desktop\tt\Code\Code\Backup\ERP For Automobile Dealer\serbilrep.Designer.vb">
</Event><Event ErrorLevel="0" Project="ERP For Automobile Dealer" Source="ERP For Automobile Dealer\serbilrep.vb" Description="File successfully backed up as C:\Users\HELLOPRO\Desktop\tt\Code\Code\Backup\ERP For Automobile Dealer\serbilrep.vb">
</Event><Event ErrorLevel="0" Project="ERP For Automobile Dealer" Source="ERP For Automobile Dealer\serCrystalReport7.vb" Description="File successfully backed up as C:\Users\HELLOPRO\Desktop\tt\Code\Code\Backup\ERP For Automobile Dealer\serCrystalReport7.vb">
</Event><Event ErrorLevel="0" Project="ERP For Automobile Dealer" Source="ERP For Automobile Dealer\Service.Designer.vb" Description="File successfully backed up as C:\Users\HELLOPRO\Desktop\tt\Code\Code\Backup\ERP For Automobile Dealer\Service.Designer.vb">
</Event><Event ErrorLevel="0" Project="ERP For Automobile Dealer" Source="ERP For Automobile Dealer\Service.vb" Description="File successfully backed up as C:\Users\HELLOPRO\Desktop\tt\Code\Code\Backup\ERP For Automobile Dealer\Service.vb">
</Event><Event ErrorLevel="0" Project="ERP For Automobile Dealer" Source="ERP For Automobile Dealer\ServiceBill.Designer.vb" Description="File successfully backed up as C:\Users\HELLOPRO\Desktop\tt\Code\Code\Backup\ERP For Automobile Dealer\ServiceBill.Designer.vb">
</Event><Event ErrorLevel="0" Project="ERP For Automobile Dealer" Source="ERP For Automobile Dealer\ServiceBill.vb" Description="File successfully backed up as C:\Users\HELLOPRO\Desktop\tt\Code\Code\Backup\ERP For Automobile Dealer\ServiceBill.vb">
</Event><Event ErrorLevel="0" Project="ERP For Automobile Dealer" Source="ERP For Automobile Dealer\servrep.Designer.vb" Description="File successfully backed up as C:\Users\HELLOPRO\Desktop\tt\Code\Code\Backup\ERP For Automobile Dealer\servrep.Designer.vb">
</Event><Event ErrorLevel="0" Project="ERP For Automobile Dealer" Source="ERP For Automobile Dealer\servrep.vb" Description="File successfully backed up as C:\Users\HELLOPRO\Desktop\tt\Code\Code\Backup\ERP For Automobile Dealer\servrep.vb">
</Event><Event ErrorLevel="0" Project="ERP For Automobile Dealer" Source="ERP For Automobile Dealer\Stock.Designer.vb" Description="File successfully backed up as C:\Users\HELLOPRO\Desktop\tt\Code\Code\Backup\ERP For Automobile Dealer\Stock.Designer.vb">
</Event><Event ErrorLevel="0" Project="ERP For Automobile Dealer" Source="ERP For Automobile Dealer\Stock.vb" Description="File successfully backed up as C:\Users\HELLOPRO\Desktop\tt\Code\Code\Backup\ERP For Automobile Dealer\Stock.vb">
</Event><Event ErrorLevel="0" Project="ERP For Automobile Dealer" Source="ERP For Automobile Dealer\Stockrep.Designer.vb" Description="File successfully backed up as C:\Users\HELLOPRO\Desktop\tt\Code\Code\Backup\ERP For Automobile Dealer\Stockrep.Designer.vb">
</Event><Event ErrorLevel="0" Project="ERP For Automobile Dealer" Source="ERP For Automobile Dealer\Stockrep.vb" Description="File successfully backed up as C:\Users\HELLOPRO\Desktop\tt\Code\Code\Backup\ERP For Automobile Dealer\Stockrep.vb">
</Event><Event ErrorLevel="0" Project="ERP For Automobile Dealer" Source="ERP For Automobile Dealer\stoCrystalReport2.vb" Description="File successfully backed up as C:\Users\HELLOPRO\Desktop\tt\Code\Code\Backup\ERP For Automobile Dealer\stoCrystalReport2.vb">
</Event><Event ErrorLevel="0" Project="ERP For Automobile Dealer" Source="ERP For Automobile Dealer\supCrystalReport1.vb" Description="File successfully backed up as C:\Users\HELLOPRO\Desktop\tt\Code\Code\Backup\ERP For Automobile Dealer\supCrystalReport1.vb">
</Event><Event ErrorLevel="0" Project="ERP For Automobile Dealer" Source="ERP For Automobile Dealer\Supplier.Designer.vb" Description="File successfully backed up as C:\Users\HELLOPRO\Desktop\tt\Code\Code\Backup\ERP For Automobile Dealer\Supplier.Designer.vb">
</Event><Event ErrorLevel="0" Project="ERP For Automobile Dealer" Source="ERP For Automobile Dealer\Supplier.vb" Description="File successfully backed up as C:\Users\HELLOPRO\Desktop\tt\Code\Code\Backup\ERP For Automobile Dealer\Supplier.vb">
</Event><Event ErrorLevel="0" Project="ERP For Automobile Dealer" Source="ERP For Automobile Dealer\suprep.Designer.vb" Description="File successfully backed up as C:\Users\HELLOPRO\Desktop\tt\Code\Code\Backup\ERP For Automobile Dealer\suprep.Designer.vb">
</Event><Event ErrorLevel="0" Project="ERP For Automobile Dealer" Source="ERP For Automobile Dealer\suprep.vb" Description="File successfully backed up as C:\Users\HELLOPRO\Desktop\tt\Code\Code\Backup\ERP For Automobile Dealer\suprep.vb">
</Event><Event ErrorLevel="0" Project="ERP For Automobile Dealer" Source="ERP For Automobile Dealer\vehCrystalReport4.vb" Description="File successfully backed up as C:\Users\HELLOPRO\Desktop\tt\Code\Code\Backup\ERP For Automobile Dealer\vehCrystalReport4.vb">
</Event><Event ErrorLevel="0" Project="ERP For Automobile Dealer" Source="ERP For Automobile Dealer\Vehicle.Designer.vb" Description="File successfully backed up as C:\Users\HELLOPRO\Desktop\tt\Code\Code\Backup\ERP For Automobile Dealer\Vehicle.Designer.vb">
</Event><Event ErrorLevel="0" Project="ERP For Automobile Dealer" Source="ERP For Automobile Dealer\Vehicle.vb" Description="File successfully backed up as C:\Users\HELLOPRO\Desktop\tt\Code\Code\Backup\ERP For Automobile Dealer\Vehicle.vb">
</Event><Event ErrorLevel="0" Project="ERP For Automobile Dealer" Source="ERP For Automobile Dealer\vehrep.Designer.vb" Description="File successfully backed up as C:\Users\HELLOPRO\Desktop\tt\Code\Code\Backup\ERP For Automobile Dealer\vehrep.Designer.vb">
</Event><Event ErrorLevel="0" Project="ERP For Automobile Dealer" Source="ERP For Automobile Dealer\vehrep.vb" Description="File successfully backed up as C:\Users\HELLOPRO\Desktop\tt\Code\Code\Backup\ERP For Automobile Dealer\vehrep.vb">
</Event><Event ErrorLevel="0" Project="ERP For Automobile Dealer" Source="ERP For Automobile Dealer\My Project\Application.myapp" Description="File successfully backed up as C:\Users\HELLOPRO\Desktop\tt\Code\Code\Backup\ERP For Automobile Dealer\My Project\Application.myapp">
</Event><Event ErrorLevel="0" Project="ERP For Automobile Dealer" Source="ERP For Automobile Dealer\My Project\Settings.settings" Description="File successfully backed up as C:\Users\HELLOPRO\Desktop\tt\Code\Code\Backup\ERP For Automobile Dealer\My Project\Settings.settings">
</Event><Event ErrorLevel="0" Project="ERP For Automobile Dealer" Source="ERP For Automobile Dealer\Resources\background satheesh.GIF" Description="File successfully backed up as C:\Users\HELLOPRO\Desktop\tt\Code\Code\Backup\ERP For Automobile Dealer\Resources\background satheesh.GIF">
</Event><Event ErrorLevel="0" Project="ERP For Automobile Dealer" Source="ERP For Automobile Dealer\Resources\serv_img4.jpg" Description="File successfully backed up as C:\Users\HELLOPRO\Desktop\tt\Code\Code\Backup\ERP For Automobile Dealer\Resources\serv_img4.jpg">
</Event><Event ErrorLevel="0" Project="ERP For Automobile Dealer" Source="ERP For Automobile Dealer\Resources\login_icon2.gif" Description="File successfully backed up as C:\Users\HELLOPRO\Desktop\tt\Code\Code\Backup\ERP For Automobile Dealer\Resources\login_icon2.gif">
</Event><Event ErrorLevel="0" Project="ERP For Automobile Dealer" Source="ERP For Automobile Dealer\Resources\wall-paper_800.jpg" Description="File successfully backed up as C:\Users\HELLOPRO\Desktop\tt\Code\Code\Backup\ERP For Automobile Dealer\Resources\wall-paper_800.jpg">
</Event><Event ErrorLevel="0" Project="ERP For Automobile Dealer" Source="ERP For Automobile Dealer\Resources\sv650.jpg" Description="File successfully backed up as C:\Users\HELLOPRO\Desktop\tt\Code\Code\Backup\ERP For Automobile Dealer\Resources\sv650.jpg">
</Event><Event ErrorLevel="0" Project="ERP For Automobile Dealer" Source="ERP For Automobile Dealer\Resources\report_icon123.jpg" Description="File successfully backed up as C:\Users\HELLOPRO\Desktop\tt\Code\Code\Backup\ERP For Automobile Dealer\Resources\report_icon123.jpg">
</Event><Event ErrorLevel="0" Project="ERP For Automobile Dealer" Source="ERP For Automobile Dealer\Resources\2007_gelo.jpg" Description="File successfully backed up as C:\Users\HELLOPRO\Desktop\tt\Code\Code\Backup\ERP For Automobile Dealer\Resources\2007_gelo.jpg">
</Event><Event ErrorLevel="0" Project="ERP For Automobile Dealer" Source="ERP For Automobile Dealer\Resources\Pulsar200.jpg" Description="File successfully backed up as C:\Users\HELLOPRO\Desktop\tt\Code\Code\Backup\ERP For Automobile Dealer\Resources\Pulsar200.jpg">
</Event><Event ErrorLevel="0" Project="ERP For Automobile Dealer" Source="ERP For Automobile Dealer\Admin.resx" Description="File successfully backed up as C:\Users\HELLOPRO\Desktop\tt\Code\Code\Backup\ERP For Automobile Dealer\Admin.resx">
</Event><Event ErrorLevel="0" Project="ERP For Automobile Dealer" Source="ERP For Automobile Dealer\billCrystalReport6.rpt" Description="File successfully backed up as C:\Users\HELLOPRO\Desktop\tt\Code\Code\Backup\ERP For Automobile Dealer\billCrystalReport6.rpt">
</Event><Event ErrorLevel="0" Project="ERP For Automobile Dealer" Source="ERP For Automobile Dealer\Billing.resx" Description="File successfully backed up as C:\Users\HELLOPRO\Desktop\tt\Code\Code\Backup\ERP For Automobile Dealer\Billing.resx">
</Event><Event ErrorLevel="0" Project="ERP For Automobile Dealer" Source="ERP For Automobile Dealer\billrep.resx" Description="File successfully backed up as C:\Users\HELLOPRO\Desktop\tt\Code\Code\Backup\ERP For Automobile Dealer\billrep.resx">
</Event><Event ErrorLevel="0" Project="ERP For Automobile Dealer" Source="ERP For Automobile Dealer\CusCrystalReport5.rpt" Description="File successfully backed up as C:\Users\HELLOPRO\Desktop\tt\Code\Code\Backup\ERP For Automobile Dealer\CusCrystalReport5.rpt">
</Event><Event ErrorLevel="0" Project="ERP For Automobile Dealer" Source="ERP For Automobile Dealer\Cusrep.resx" Description="File successfully backed up as C:\Users\HELLOPRO\Desktop\tt\Code\Code\Backup\ERP For Automobile Dealer\Cusrep.resx">
</Event><Event ErrorLevel="0" Project="ERP For Automobile Dealer" Source="ERP For Automobile Dealer\Customer.resx" Description="File successfully backed up as C:\Users\HELLOPRO\Desktop\tt\Code\Code\Backup\ERP For Automobile Dealer\Customer.resx">
</Event><Event ErrorLevel="0" Project="ERP For Automobile Dealer" Source="ERP For Automobile Dealer\Home.resx" Description="File successfully backed up as C:\Users\HELLOPRO\Desktop\tt\Code\Code\Backup\ERP For Automobile Dealer\Home.resx">
</Event><Event ErrorLevel="0" Project="ERP For Automobile Dealer" Source="ERP For Automobile Dealer\My Project\Resources.resx" Description="File successfully backed up as C:\Users\HELLOPRO\Desktop\tt\Code\Code\Backup\ERP For Automobile Dealer\My Project\Resources.resx">
</Event><Event ErrorLevel="0" Project="ERP For Automobile Dealer" Source="ERP For Automobile Dealer\Purchase.resx" Description="File successfully backed up as C:\Users\HELLOPRO\Desktop\tt\Code\Code\Backup\ERP For Automobile Dealer\Purchase.resx">
</Event><Event ErrorLevel="0" Project="ERP For Automobile Dealer" Source="ERP For Automobile Dealer\Purchrep.resx" Description="File successfully backed up as C:\Users\HELLOPRO\Desktop\tt\Code\Code\Backup\ERP For Automobile Dealer\Purchrep.resx">
</Event><Event ErrorLevel="0" Project="ERP For Automobile Dealer" Source="ERP For Automobile Dealer\pusCrystalReport3.rpt" Description="File successfully backed up as C:\Users\HELLOPRO\Desktop\tt\Code\Code\Backup\ERP For Automobile Dealer\pusCrystalReport3.rpt">
</Event><Event ErrorLevel="0" Project="ERP For Automobile Dealer" Source="ERP For Automobile Dealer\Reports.resx" Description="File successfully backed up as C:\Users\HELLOPRO\Desktop\tt\Code\Code\Backup\ERP For Automobile Dealer\Reports.resx">
</Event><Event ErrorLevel="0" Project="ERP For Automobile Dealer" Source="ERP For Automobile Dealer\serbilCrystalReport8.rpt" Description="File successfully backed up as C:\Users\HELLOPRO\Desktop\tt\Code\Code\Backup\ERP For Automobile Dealer\serbilCrystalReport8.rpt">
</Event><Event ErrorLevel="0" Project="ERP For Automobile Dealer" Source="ERP For Automobile Dealer\serbilrep.resx" Description="File successfully backed up as C:\Users\HELLOPRO\Desktop\tt\Code\Code\Backup\ERP For Automobile Dealer\serbilrep.resx">
</Event><Event ErrorLevel="0" Project="ERP For Automobile Dealer" Source="ERP For Automobile Dealer\serCrystalReport7.rpt" Description="File successfully backed up as C:\Users\HELLOPRO\Desktop\tt\Code\Code\Backup\ERP For Automobile Dealer\serCrystalReport7.rpt">
</Event><Event ErrorLevel="0" Project="ERP For Automobile Dealer" Source="ERP For Automobile Dealer\Service.resx" Description="File successfully backed up as C:\Users\HELLOPRO\Desktop\tt\Code\Code\Backup\ERP For Automobile Dealer\Service.resx">
</Event><Event ErrorLevel="0" Project="ERP For Automobile Dealer" Source="ERP For Automobile Dealer\ServiceBill.resx" Description="File successfully backed up as C:\Users\HELLOPRO\Desktop\tt\Code\Code\Backup\ERP For Automobile Dealer\ServiceBill.resx">
</Event><Event ErrorLevel="0" Project="ERP For Automobile Dealer" Source="ERP For Automobile Dealer\servrep.resx" Description="File successfully backed up as C:\Users\HELLOPRO\Desktop\tt\Code\Code\Backup\ERP For Automobile Dealer\servrep.resx">
</Event><Event ErrorLevel="0" Project="ERP For Automobile Dealer" Source="ERP For Automobile Dealer\Stock.resx" Description="File successfully backed up as C:\Users\HELLOPRO\Desktop\tt\Code\Code\Backup\ERP For Automobile Dealer\Stock.resx">
</Event><Event ErrorLevel="0" Project="ERP For Automobile Dealer" Source="ERP For Automobile Dealer\Stockrep.resx" Description="File successfully backed up as C:\Users\HELLOPRO\Desktop\tt\Code\Code\Backup\ERP For Automobile Dealer\Stockrep.resx">
</Event><Event ErrorLevel="0" Project="ERP For Automobile Dealer" Source="ERP For Automobile Dealer\stoCrystalReport2.rpt" Description="File successfully backed up as C:\Users\HELLOPRO\Desktop\tt\Code\Code\Backup\ERP For Automobile Dealer\stoCrystalReport2.rpt">
</Event><Event ErrorLevel="0" Project="ERP For Automobile Dealer" Source="ERP For Automobile Dealer\supCrystalReport1.rpt" Description="File successfully backed up as C:\Users\HELLOPRO\Desktop\tt\Code\Code\Backup\ERP For Automobile Dealer\supCrystalReport1.rpt">
</Event><Event ErrorLevel="0" Project="ERP For Automobile Dealer" Source="ERP For Automobile Dealer\Supplier.resx" Description="File successfully backed up as C:\Users\HELLOPRO\Desktop\tt\Code\Code\Backup\ERP For Automobile Dealer\Supplier.resx">
</Event><Event ErrorLevel="0" Project="ERP For Automobile Dealer" Source="ERP For Automobile Dealer\suprep.resx" Description="File successfully backed up as C:\Users\HELLOPRO\Desktop\tt\Code\Code\Backup\ERP For Automobile Dealer\suprep.resx">
</Event><Event ErrorLevel="0" Project="ERP For Automobile Dealer" Source="ERP For Automobile Dealer\vehCrystalReport4.rpt" Description="File successfully backed up as C:\Users\HELLOPRO\Desktop\tt\Code\Code\Backup\ERP For Automobile Dealer\vehCrystalReport4.rpt">
</Event><Event ErrorLevel="0" Project="ERP For Automobile Dealer" Source="ERP For Automobile Dealer\Vehicle.resx" Description="File successfully backed up as C:\Users\HELLOPRO\Desktop\tt\Code\Code\Backup\ERP For Automobile Dealer\Vehicle.resx">
</Event><Event ErrorLevel="0" Project="ERP For Automobile Dealer" Source="ERP For Automobile Dealer\vehrep.resx" Description="File successfully backed up as C:\Users\HELLOPRO\Desktop\tt\Code\Code\Backup\ERP For Automobile Dealer\vehrep.resx">
</Event><Event ErrorLevel="0" Project="ERP For Automobile Dealer" Source="ERP For Automobile Dealer\ERP For Automobile Dealer.vbproj" Description="Project converted successfully">
</Event><Event ErrorLevel="3" Project="ERP For Automobile Dealer" Source="ERP For Automobile Dealer\ERP For Automobile Dealer.vbproj" Description="Converted">
</Event><Event ErrorLevel="0" Project="" Source="ERP For Automobile Dealer.sln" Description="Solution converted successfully">
</Event><Event ErrorLevel="3" Project="" Source="ERP For Automobile Dealer.sln" Description="Converted">
</Event><Event ErrorLevel="0" Project="ERP For Automobile Dealer" Source="ERP For Automobile Dealer\ERP For Automobile Dealer.vbproj" Description="Scan complete: Upgrade not required for project files.">
</Event></UpgradeLog>